station,history_days,pred_len,model,MAE,RMSE,NMAE,NRMSE,R2
station00,1,1,MultiStep,0.1329319179058075,0.2924656171642125,0.025583046993029917,0.05628566672045786,0.96476149559021
station00,1,1,Iterative,0.13167399168014526,0.2857095497666966,0.025340956257773356,0.054985446333649046,0.966370701789856
station00,1,16,MultiStep,0.3098951578140259,0.569575473653967,0.05964002107369194,0.10961608271454959,0.8663495182991028
station00,1,16,Iterative,0.3412577211856842,0.6406143699322306,0.06567581702999147,0.12328767829859555,0.8309320211410522
station00,1,96,MultiStep,0.371699720621109,0.6187070176579447,0.07153444838344943,0.11907155901321033,0.8422976732254028
station00,1,96,Iterative,0.4180280268192291,0.726042941150249,0.08045043525286182,0.1397285992335254,0.7828335762023926
station00,2,1,MultiStep,0.13861127197742462,0.28967250433321085,0.026676051475273146,0.055748125865424214,0.9654704928398132
station00,2,1,Iterative,0.13766659796237946,0.2948574096758118,0.026494246833463048,0.05674597257616047,0.964223325252533
station00,2,16,MultiStep,0.37515729665756226,0.6420774973563466,0.07219986667889021,0.12356926046665297,0.8301588296890259
station00,2,16,Iterative,0.4096805155277252,0.718087803513923,0.07884393790437165,0.1381976150786864,0.7875664234161377
station00,2,96,MultiStep,0.37100887298583984,0.6263728799017092,0.07140149320010032,0.12054687146723876,0.8383655548095703
station00,2,96,Iterative,0.3744625449180603,0.6650822831280088,0.0720661601418886,0.127996583300271,0.8177704811096191
station00,3,1,MultiStep,0.16177567839622498,0.3065874819050179,0.031134093661933895,0.0590034513953862,0.9613771438598633
station00,3,1,Iterative,0.13475871086120605,0.29153265883147955,0.025934617411637828,0.05610611678809505,0.9650771021842957
station00,3,16,MultiStep,0.3194548785686493,0.5887163516267656,0.06147981086352307,0.11329978778990205,0.8574004173278809
station00,3,16,Iterative,0.4660665988922119,0.7901248767395841,0.08969556664178825,0.15206131206437407,0.743139386177063
station00,3,96,MultiStep,0.3775501847267151,0.6512126596329756,0.07266038337711145,0.12532734302119455,0.825291633605957
station00,3,96,Iterative,0.3704945147037506,0.6705464157250476,0.07130250379026372,0.1290481679250053,0.8147639036178589
station00,5,1,MultiStep,0.13035649061203003,0.2924671838765114,0.025087400209911005,0.05628596823776836,0.9642801284790039
station00,5,1,Iterative,0.13933566212654114,0.2903395358288817,0.026815461990957325,0.055876497579068415,0.9647979140281677
station00,5,16,MultiStep,0.33605945110321045,0.6050185467895849,0.06467539824496635,0.11643718196513293,0.8486536741256714
station00,5,16,Iterative,0.4061402678489685,0.727507806913036,0.07816260926517475,0.14001051594877517,0.781168520450592
station00,5,96,MultiStep,0.3685331642627716,0.6002107518324036,0.07092503748050266,0.11551191099740661,0.8515857458114624
station00,5,96,Iterative,0.35359567403793335,0.6583520285048357,0.06805028384420335,0.12670133064002054,0.8214399218559265
station00,7,1,MultiStep,0.13417641818523407,0.293187352322143,0.025822553874695224,0.056424566277108665,0.9640455842018127
station00,7,1,Iterative,0.1474631279706955,0.2904683029064659,0.028379611097514097,0.055901279093161414,0.9647094011306763
station00,7,16,MultiStep,0.3373239040374756,0.6205095146427216,0.06491874505999312,0.11941845361755223,0.8388702869415283
station00,7,16,Iterative,0.4325365126132965,0.7507145577142846,0.08324262602024649,0.14447670740720703,0.7641540169715881
station00,7,96,MultiStep,0.3865354061126709,0.6296992544586871,0.07438960946954294,0.1211870397424598,0.8366442918777466
station00,7,96,Iterative,0.39782801270484924,0.6797989501781163,0.0765628970416534,0.1308288390192508,0.8096166849136353
station01,1,1,MultiStep,0.46809566020965576,1.076797552705679,0.024026554804372335,0.05527018858006351,0.9674520492553711
station01,1,1,Iterative,0.479764461517334,1.079191150657562,0.024625494546720493,0.05539304789549658,0.9673072099685669
station01,1,16,MultiStep,1.1859142780303955,1.9491539220024967,0.06087096466910845,0.10004675862231854,0.8932576775550842
station01,1,16,Iterative,1.5127421617507935,2.5878222647221163,0.07764648456238857,0.1328285193660471,0.8118460178375244
station01,1,96,MultiStep,1.4857184886932373,2.336108249305225,0.07625940534562761,0.1199084666919125,0.8466744422912598
station01,1,96,Iterative,2.7053706645965576,3.6516258799023293,0.13886207898179864,0.18743175121350522,0.6253711581230164
station01,2,1,MultiStep,0.5339708924293518,1.1077403530629717,0.027407818532535037,0.05685842994135334,0.965593695640564
station01,2,1,Iterative,0.4831685423851013,1.0717943055498655,0.024800220233113943,0.05501338040556531,0.967790424823761
station01,2,16,MultiStep,1.2049528360366821,2.0292675027199385,0.06184818149938068,0.10415885258366823,0.8844533562660217
station01,2,16,Iterative,1.6412783861160278,2.9234198907661297,0.08424403053766034,0.1500541752303896,0.7601933479309082
station01,2,96,MultiStep,1.5435587167739868,2.413677098394676,0.07922824596520757,0.1238899439030557,0.836530327796936
station01,2,96,Iterative,2.955625057220459,4.49162700307646,0.1517072116983037,0.23054758145349952,0.4339091181755066
station01,3,1,MultiStep,0.483998566865921,1.0784914250959217,0.024842823979255177,0.055357132171460086,0.9674263596534729
station01,3,1,Iterative,0.4712945222854614,1.0765489862532296,0.02419074695890235,0.055257430086447845,0.9675436019897461
station01,3,16,MultiStep,1.196916103363037,2.021034138983377,0.061435669668049156,0.10373624801401206,0.8855375647544861
station01,3,16,Iterative,1.3562549352645874,2.1913527211878114,0.06961426114533946,0.11247841141647769,0.8654325008392334
station01,3,96,MultiStep,1.5184895992279053,2.3432764210669994,0.07794149076147762,0.12027639676758184,0.8459272384643555
station01,3,96,Iterative,1.888513207435608,3.1840825928370347,0.09693417379026716,0.16343354878398614,0.715522825717926
station01,5,1,MultiStep,0.4765886962413788,1.0635599010870889,0.02446248791167845,0.05459072241720101,0.9684438705444336
station01,5,1,Iterative,0.4893479645252228,1.0767922940987422,0.025117399470884448,0.05526991866470539,0.967653751373291
station01,5,16,MultiStep,1.2733721733093262,2.132720162764814,0.06536002981671765,0.10946890182683579,0.8731105923652649
station01,5,16,Iterative,1.4361419677734375,2.5244372958916355,0.07371472677211514,0.1295750766259523,0.8222184181213379
station01,5,96,MultiStep,1.55399751663208,2.3564737431265126,0.07976405182328798,0.12095379288270887,0.8441869020462036
station01,5,96,Iterative,3.4453327655792236,5.255836149381979,0.17684307620885173,0.26977313831401023,0.22489160299301147
station01,7,1,MultiStep,0.4776770770549774,1.0700538489793756,0.024518352649356732,0.05492404572735706,0.968194842338562
station01,7,1,Iterative,0.48220735788345337,1.0757562904537465,0.024750884265983604,0.05521674235808706,0.967854917049408
station01,7,16,MultiStep,1.1062848567962646,1.9228820023420652,0.05678372179130569,0.09869826562997867,0.8972864747047424
station01,7,16,Iterative,1.3525174856185913,2.4610321511125806,0.06942242420605255,0.12632059828870218,0.8317493200302124
station01,7,96,MultiStep,1.623219609260559,2.4561292390524208,0.0833171042089191,0.12606894014416462,0.8307294845581055
station01,7,96,Iterative,2.5577850341796875,3.722871564020164,0.13128675936452092,0.19108867111159925,0.6111027002334595
station02,1,1,MultiStep,0.4128202795982361,0.9294845295378386,0.02721937936887157,0.06128572959547902,0.9577188491821289
station02,1,1,Iterative,0.4007110595703125,0.9260080116143732,0.026420955768844054,0.06105650476104603,0.9580345153808594
station02,1,16,MultiStep,0.8836848139762878,1.5957132103366647,0.058265917114199,0.10521363746554475,0.8760398030281067
station02,1,16,Iterative,1.0523196458816528,1.8393677178671974,0.06938488507988426,0.12127904123365334,0.8352938890457153
station02,1,96,MultiStep,1.0873807668685913,1.8704020390314258,0.07169664639686743,0.12332529478022485,0.8296595215797424
station02,1,96,Iterative,1.0321168899536133,1.8027014434881468,0.06805281273489867,0.11886144383912171,0.8417675495147705
station02,2,1,MultiStep,0.3902612626552582,0.9103128519525708,0.025731946530161916,0.060021641586433146,0.9594895839691162
station02,2,1,Iterative,0.4024796783924103,0.9187783425040117,0.026537569968913044,0.0605798152282114,0.9587326049804688
station02,2,16,MultiStep,0.977022647857666,1.7055115383790123,0.06442016397522651,0.11245320996901058,0.8576180934906006
station02,2,16,Iterative,1.0995092391967773,1.9490904374021765,0.07249633940077471,0.12851362847658987,0.8140442371368408
station02,2,96,MultiStep,1.180540680885315,1.963049674351507,0.07783916207962531,0.1294340332750014,0.8123664855957031
station02,2,96,Iterative,0.9776432514190674,1.7012006755015783,0.06446108358264478,0.11216897245000532,0.85908442735672
station02,3,1,MultiStep,0.41131991147994995,0.9278367477953974,0.02712045232719538,0.06117708280998617,0.9579785466194153
station02,3,1,Iterative,0.4084776043891907,0.9115217386625916,0.026933044298061,0.060101349749041015,0.9594433903694153
station02,3,16,MultiStep,0.8837904930114746,1.5961601882080283,0.0582728850803873,0.10524310903186891,0.8755682706832886
station02,3,16,Iterative,0.9943050742149353,1.7667842873819226,0.06555968386482815,0.11649323969261574,0.8475437164306641
station02,3,96,MultiStep,1.182518482208252,1.9455860359268,0.07796956876550244,0.1282825651351476,0.8156900405883789
station02,3,96,Iterative,1.204179286956787,1.9276714836459283,0.07939777782165452,0.127101365909104,0.8190686106681824
station02,5,1,MultiStep,0.4176256060600281,0.9382405852717816,0.02753621943322618,0.06186306170481514,0.9571500420570374
station02,5,1,Iterative,0.3982769548892975,0.9198491418031518,0.02626046263899933,0.060650418572551906,0.958813488483429
station02,5,16,MultiStep,0.8718441128730774,1.592455543963511,0.05748519835775766,0.10499884264743557,0.8765245079994202
station02,5,16,Iterative,1.056251883506775,1.8476072792838105,0.06964415787479374,0.12182231819730004,0.8337868452072144
station02,5,96,MultiStep,1.1851752996444702,1.9542649871341282,0.07814474650090981,0.1288548133436564,0.8137579560279846
station02,5,96,Iterative,1.059004545211792,1.8047558660067073,0.06982565511929913,0.11899690255731035,0.8411644101142883
station02,7,1,MultiStep,0.4079173505306244,0.9230097559416401,0.026896103859151286,0.060858814234116446,0.9585427045822144
station02,7,1,Iterative,0.4185972213745117,0.9306836601507552,0.027600283063703043,0.06136479448806998,0.9578505158424377
station02,7,16,MultiStep,0.9320251941680908,1.6683009797248234,0.061453248774738366,0.10999972509292423,0.8645631074905396
station02,7,16,Iterative,1.210719347000122,2.2202788981956085,0.07982899785664889,0.14639448840425784,0.7601149678230286
station02,7,96,MultiStep,1.0894286632537842,1.86005011091102,0.07183167481327894,0.12264273853811668,0.8312824964523315
station02,7,96,Iterative,1.078202486038208,1.8584216582971895,0.07109147479987278,0.12253536622219456,0.8315777778625488
station03,1,1,MultiStep,0.5246945023536682,1.1162398794298498,0.03270938508750611,0.06958624476246542,0.9482664465904236
station03,1,1,Iterative,0.4935419261455536,1.0429764650895301,0.030767337654022113,0.06501901331305383,0.9548345804214478
station03,1,16,MultiStep,1.1587671041488647,1.9844183128616135,0.07223738626251404,0.12370837216498595,0.8364020586013794
station03,1,16,Iterative,1.0923256874084473,1.937325931236074,0.06809543723089084,0.12077263939407293,0.8440746068954468
station03,1,96,MultiStep,1.1812776327133179,1.9816805350692905,0.07364068960195269,0.12353769946364945,0.8363404870033264
station03,1,96,Iterative,1.1060069799423218,1.9840362139480838,0.06894832717728423,0.1236845521698305,0.8359511494636536
station03,2,1,MultiStep,0.4998795688152313,1.069744321276272,0.03116242545025324,0.06668771788695645,0.9526979327201843
station03,2,1,Iterative,0.48392733931541443,1.0395503798914503,0.030167965597189875,0.06480543162011843,0.955330491065979
station03,2,16,MultiStep,1.16537344455719,1.9609858898256292,0.07264922463982833,0.12224759804751534,0.8409957885742188
station03,2,16,Iterative,1.146605372428894,1.9945505526034855,0.07147922553398534,0.12434001463508836,0.8355060815811157
station03,2,96,MultiStep,1.1770824193954468,2.07586903126253,0.07337916056491699,0.12940939771659044,0.8204134106636047
station03,2,96,Iterative,1.0811922550201416,1.9481731660706034,0.0674013805451409,0.12144885456260555,0.8418281674385071
station03,3,1,MultiStep,0.4920330345630646,1.0859477090698735,0.030673273554616586,0.0676978349144565,0.9505117535591125
station03,3,1,Iterative,0.5333141684532166,1.0469268672107812,0.03324673391908545,0.06526528085284103,0.9540043473243713
station03,3,16,MultiStep,1.2672817707061768,2.155975434886998,0.07900217605951661,0.13440322020257822,0.8049384355545044
station03,3,16,Iterative,1.1798948049545288,1.9670243950840347,0.07355448430445286,0.12262403765754386,0.8376308679580688
station03,3,96,MultiStep,1.2147477865219116,2.0802252918889934,0.07572721451302449,0.12968096642130023,0.8196588754653931
station03,3,96,Iterative,1.1429060697555542,1.9936086335483565,0.07124861150019096,0.12428129552719364,0.8343643546104431
station03,5,1,MultiStep,0.48220372200012207,1.046951803550003,0.03006051552432559,0.06526683538089233,0.9530354738235474
station03,5,1,Iterative,0.5039893984794617,1.057555868778751,0.03141863168174288,0.06592789138872975,0.9520792961120605
station03,5,16,MultiStep,1.1759709119796753,2.064807872193504,0.07330986934130591,0.12871984653989627,0.8166036605834961
station03,5,16,Iterative,1.1471740007400513,2.0094876555903425,0.07151467374683657,0.1252711916371289,0.8262991309165955
station03,5,96,MultiStep,1.1172410249710083,1.985217658920501,0.0696486560415764,0.1237582032913672,0.8357557058334351
station03,5,96,Iterative,1.0944678783416748,1.9924559767585026,0.06822898112710395,0.12420943905710688,0.8345558643341064
station03,7,1,MultiStep,0.5204141139984131,1.0579938138698013,0.032442546250033885,0.0659551928271212,0.9523298144340515
station03,7,1,Iterative,0.4904327690601349,1.047000592797229,0.03057351321723402,0.06526987689603779,0.9533153176307678
station03,7,16,MultiStep,1.113602638244629,1.9753128745536286,0.06942183949976671,0.1231407403589152,0.8335199356079102
station03,7,16,Iterative,1.2322524785995483,2.0822208740454378,0.07681845467551375,0.12980537074598075,0.815011739730835
station03,7,96,MultiStep,1.2961136102676392,2.1073222026287626,0.08079954908089695,0.1313701842120204,0.8105248212814331
station03,7,96,Iterative,1.1183037757873535,2.041576604089347,0.06971490778530148,0.12727161239396695,0.8221631050109863
station04,1,1,MultiStep,0.7628990411758423,1.696084404932368,0.02957706713055824,0.06575601697763163,0.950127363204956
station04,1,1,Iterative,0.7078971862792969,1.6297064629216809,0.02744468333299441,0.0631825901663822,0.9539545774459839
station04,1,16,MultiStep,1.6548959016799927,2.9710133808750134,0.06415916725053658,0.1151841298377944,0.8468179106712341
station04,1,16,Iterative,1.7763512134552002,3.2354427915469386,0.06886790551844875,0.1254358748376086,0.818337082862854
station04,1,96,MultiStep,2.0004522800445557,3.362142868646342,0.0775561485660833,0.13034794902247077,0.8052893877029419
station04,1,96,Iterative,1.8545387983322144,3.1898515292448155,0.07189918399943801,0.12366833319330604,0.8247337341308594
station04,2,1,MultiStep,0.7593857645988464,1.6630590574429673,0.029440859832400065,0.06447564714232747,0.9521110653877258
station04,2,1,Iterative,0.7553061246871948,1.6609054490564978,0.02928269502025212,0.06439215323765383,0.9522349834442139
station04,2,16,MultiStep,1.6497646570205688,2.998782705658961,0.06396023245108895,0.11626072731527867,0.844166100025177
station04,2,16,Iterative,1.685342788696289,3.1292623824419876,0.06533957196019455,0.12131933396057869,0.8303101062774658
station04,2,96,MultiStep,1.990722894668579,3.339040273646852,0.07717894703760739,0.1294522774246446,0.8067964315414429
station04,2,96,Iterative,2.04856014251709,3.3201008089685873,0.07942125705496635,0.12871800750428597,0.8089818954467773
station04,3,1,MultiStep,0.7776673436164856,1.6660505427539531,0.03014962398161688,0.06459162495470842,0.9520033001899719
station04,3,1,Iterative,0.7155140042304993,1.637837175788589,0.02773998208643986,0.0634978122695758,0.953615128993988
station04,3,16,MultiStep,1.65697181224823,2.9074804511032166,0.06423964886464263,0.11272100217942793,0.853721559047699
station04,3,16,Iterative,1.8972997665405273,3.397878877175088,0.07355699710314255,0.13173340930775812,0.8002151250839233
station04,3,96,MultiStep,2.04988956451416,3.3591497301378013,0.07947279782449147,0.13023190711676627,0.804462194442749
station04,3,96,Iterative,1.7791556119918823,3.165687878239363,0.06897663010624276,0.12273152518944998,0.826336681842804
station04,5,1,MultiStep,0.7404084205627441,1.6628485178080021,0.02870512135558879,0.06446748466658571,0.9518125057220459
station04,5,1,Iterative,0.7261466979980469,1.6543643221566418,0.028152204255256216,0.0641385582808056,0.9523029923439026
station04,5,16,MultiStep,1.521113395690918,2.814531482714948,0.05897251220580813,0.10911743508947756,0.862399697303772
station04,5,16,Iterative,1.7164502143859863,3.1513910945792896,0.0665455852964611,0.12217724879474733,0.8274909853935242
station04,5,96,MultiStep,2.0211756229400635,3.387891942396406,0.07835957820868096,0.13134622276742333,0.8011017441749573
station04,5,96,Iterative,1.8198446035385132,3.2224622633376567,0.07055411411067215,0.12493262875455638,0.8200517892837524
station04,7,1,MultiStep,0.7843838334083557,1.6758468366117156,0.030410017636260448,0.06497142047865499,0.9509329199790955
station04,7,1,Iterative,0.7413638830184937,1.6636876503419717,0.028742163972854208,0.06450001725340139,0.9516423940658569
station04,7,16,MultiStep,1.5969810485839844,2.8598463993573993,0.061913848531513264,0.11087426300406464,0.8570951223373413
station04,7,16,Iterative,1.8487155437469482,3.3016424195581773,0.07167342045473453,0.1280023885386726,0.8095321655273438
station04,7,96,MultiStep,2.047443151473999,3.374816465685651,0.07937795208631046,0.13083929559676916,0.802634060382843
station04,7,96,Iterative,1.92316734790802,3.2787698727818806,0.07455986530629599,0.12711563575103416,0.8137081861495972
station05,1,1,MultiStep,0.9274424314498901,2.257621994693277,0.03132193219630192,0.07624525323055953,0.9378426671028137
station05,1,1,Iterative,0.9580647945404053,2.268946140522628,0.03235612208010117,0.07662769651309671,0.9372175931930542
station05,1,16,MultiStep,2.1039342880249023,3.7764902975229733,0.07105485459832694,0.12754104085370144,0.826073169708252
station05,1,16,Iterative,2.062196969985962,3.734208234949917,0.0696452863045543,0.1261130752440596,0.829945981502533
station05,1,96,MultiStep,2.1562936305999756,3.8187853173153963,0.07282315387207869,0.12896944405939528,0.8221555948257446
station05,1,96,Iterative,2.083742618560791,3.8127156181023367,0.07037293399556098,0.12876445591052854,0.822720468044281
station05,2,1,MultiStep,1.0111795663833618,2.290696430003315,0.034149933993242024,0.07736225541320978,0.936309278011322
station05,2,1,Iterative,0.9629889130592346,2.2886589658040735,0.03252242124988598,0.07729344541127654,0.9364225268363953
station05,2,16,MultiStep,2.1145217418670654,3.794744953737473,0.07141241804391707,0.12815754392152368,0.8243876695632935
station05,2,16,Iterative,2.49157452583313,4.069382222596445,0.0841463854938957,0.13743269634293093,0.7980486750602722
station05,2,96,MultiStep,2.0455236434936523,3.737431891085499,0.0690821884947393,0.1262219457631117,0.8296522498130798
station05,2,96,Iterative,2.172309637069702,3.915346829579525,0.07336405242458083,0.13223055551747379,0.8130479454994202
station05,3,1,MultiStep,0.9545931220054626,2.2696184414054867,0.0322388754585753,0.07665040170961818,0.9378282427787781
station05,3,1,Iterative,0.95965975522995,2.2543583090988935,0.032409987688229086,0.07613503082167371,0.9386614561080933
station05,3,16,MultiStep,2.1728127002716064,3.7948427138070135,0.07338104206293052,0.12816084551110574,0.8253225088119507
station05,3,16,Iterative,2.190518617630005,3.816154104627924,0.07397901291714958,0.12888058176175143,0.8233550786972046
station05,3,96,MultiStep,2.2534098625183105,3.810440007230931,0.0761029995295078,0.12868760313023475,0.8229320049285889
station05,3,96,Iterative,2.0664424896240234,3.6920673081202664,0.06978866757947995,0.12468987612345848,0.833762526512146
station05,5,1,MultiStep,0.9166731834411621,2.122095142119177,0.03095822913021812,0.07166818974590967,0.9448710083961487
station05,5,1,Iterative,0.867964506149292,2.1132779782423263,0.02931322148794061,0.07137041319423448,0.9453281760215759
station05,5,16,MultiStep,2.0985848903656006,3.707076270389821,0.0708741927425676,0.12519676440309963,0.8330463171005249
station05,5,16,Iterative,3.243093252182007,5.006617172816064,0.10952695661371353,0.16908534514064705,0.6954758167266846
station05,5,96,MultiStep,2.07494854927063,3.753589692200331,0.07007593740289335,0.12676763305732888,0.8281762003898621
station05,5,96,Iterative,2.2661571502685547,3.7712174671301053,0.0765335056925434,0.12736296485626208,0.826558530330658
station05,7,1,MultiStep,0.8849130272865295,2.091837450732749,0.029885613274089794,0.07064631569110637,0.9469853043556213
station05,7,1,Iterative,0.9148877859115601,2.077912283888252,0.03089793201799929,0.07017602975535976,0.9476887583732605
station05,7,16,MultiStep,1.88722825050354,3.3794784502408195,0.06373617735907007,0.11413300846266665,0.8613252639770508
station05,7,16,Iterative,3.08516526222229,5.234374453416483,0.1041933535504125,0.17677724908882853,0.6673192977905273
station05,7,96,MultiStep,2.0489487648010254,3.808979597842738,0.06919786297082073,0.12863828163891122,0.8230677247047424
station05,7,96,Iterative,2.2378346920013428,3.8431506426209006,0.07557698905345524,0.12979231892610454,0.8198789358139038
station06,1,1,MultiStep,0.3000338673591614,0.6632582113445715,0.025554370400730837,0.05649077603541367,0.9622942209243774
station06,1,1,Iterative,0.30046704411506653,0.6645284925054245,0.025591264766579667,0.05659896793915848,0.9621496200561523
station06,1,16,MultiStep,0.6093019843101501,1.0994006106119054,0.051895236794461945,0.0936377305323843,0.8963953256607056
station06,1,16,Iterative,0.7503184676170349,1.3868128355103977,0.06390583905996841,0.1181170952034472,0.8351446390151978
station06,1,96,MultiStep,0.7813225388526917,1.283777442274805,0.06654650601953599,0.10934140389132141,0.8580269813537598
station06,1,96,Iterative,0.7235594391822815,1.2974157010515728,0.06162672927078315,0.11050299647908532,0.8549944162368774
station06,2,1,MultiStep,0.2893834710121155,0.6503329093916408,0.025684163123927888,0.05772014715026419,0.9635893702507019
station06,2,1,Iterative,0.29726529121398926,0.6467778902369752,0.026383712255294556,0.057404622246378795,0.9639863967895508
station06,2,16,MultiStep,0.5585262775421143,1.0369025130067906,0.049571870747211054,0.09203004302399213,0.9074008464813232
station06,2,16,Iterative,0.7463178634643555,1.4085345890021754,0.06623926957707038,0.1250141620843023,0.8291298151016235
station06,2,96,MultiStep,0.8047668933868408,1.310948863110951,0.06854329966434985,0.1116556378092205,0.8519535660743713
station06,2,96,Iterative,0.729075014591217,1.3497645596663783,0.06209649976107376,0.11496163354853609,0.8430567979812622
station06,3,1,MultiStep,0.28789427876472473,0.6490282561920854,0.02555199021000472,0.05760435295690429,0.9638072848320007
station06,3,1,Iterative,0.28343331813812256,0.6406814736386228,0.025156058680044346,0.056863536199425725,0.9647321701049805
station06,3,16,MultiStep,0.6600735187530518,1.1471445499652668,0.05858467268411704,0.10181454954902808,0.8869255781173706
station06,3,16,Iterative,0.8198373317718506,1.4982368915709425,0.07276447300416969,0.1329756692281284,0.8071191310882568
station06,3,96,MultiStep,0.8178026080131531,1.3551114185737505,0.06965357259097331,0.11541703418114492,0.841810941696167
station06,3,96,Iterative,0.7247005105018616,1.3437473829376996,0.06172391616308586,0.11444914086147803,0.844452977180481
station06,5,1,MultiStep,0.2936466336250305,0.6588271717275885,0.02606253913687355,0.058474053441770334,0.9627902507781982
station06,5,1,Iterative,0.2946363091468811,0.6449990857657526,0.02615037755920661,0.05724674486642802,0.9643357992172241
station06,5,16,MultiStep,0.5881807208061218,1.0970876721215332,0.052203844009119114,0.09737176291882983,0.8967075943946838
station06,5,16,Iterative,0.7342188954353333,1.3467476255722741,0.06516542846443964,0.11953027441747936,0.8443467617034912
station06,5,96,MultiStep,0.7520678639411926,1.2585610478401283,0.0667496095411783,0.11170329508140474,0.86406409740448
station06,5,96,Iterative,0.6976414322853088,1.3371688789413723,0.06191900417172198,0.11868011497288358,0.8465530872344971
station06,7,1,MultiStep,0.2957777976989746,0.6577855945077421,0.026251690111971027,0.058381608496220615,0.9630149602890015
station06,7,1,Iterative,0.2937684953212738,0.6466545964209147,0.02607335494357434,0.05739367933221444,0.9642560482025146
station06,7,16,MultiStep,0.6272387504577637,1.133339700026487,0.05567043040869265,0.10058930328154474,0.8900476098060608
station06,7,16,Iterative,0.7823314666748047,1.4038983497121373,0.06943564861109912,0.12460267373705693,0.8312841653823853
station06,7,96,MultiStep,0.8998273015022278,1.272206466184848,0.07986396429041198,0.11291439103458495,0.861100435256958
station06,7,96,Iterative,0.6739904880523682,1.2812662356208615,0.059819870079545936,0.11371848877812886,0.8591151237487793
station07,1,1,MultiStep,0.43888989090919495,1.002504669140528,0.025909243063029223,0.059181443187894256,0.9595769047737122
station07,1,1,Iterative,0.4451412856578827,0.9866978924767532,0.026278285297497563,0.058248312516380366,0.9608415365219116
station07,1,16,MultiStep,0.9152670502662659,1.7960153264748993,0.054031493921642415,0.1060252209094321,0.8702080249786377
station07,1,16,Iterative,1.2440284490585327,2.3412569137772588,0.07343945743933634,0.13821278573172482,0.7794404625892639
station07,1,96,MultiStep,1.1828135251998901,2.1738396410367136,0.06982572111459938,0.12832954416651482,0.8107844591140747
station07,1,96,Iterative,1.1299058198928833,2.128048225171889,0.0667023896706542,0.12562631279022538,0.8186720609664917
station07,2,1,MultiStep,0.45924925804138184,1.0158354907890443,0.02711112946452398,0.059968409362042854,0.9585731029510498
station07,2,1,Iterative,0.4663340449333191,1.0030204932419284,0.027529369823746434,0.059211894133103474,0.9596117734909058
station07,2,16,MultiStep,0.9510622024536133,1.8379406977935815,0.0561446100305117,0.10850022582183332,0.8643749952316284
station07,2,16,Iterative,1.0775254964828491,2.1244386043605754,0.06361019147000928,0.12541322393832233,0.8187971115112305
station07,2,96,MultiStep,1.1430084705352783,2.155130842268316,0.06747588609263946,0.1272250967304995,0.8140273094177246
station07,2,96,Iterative,1.075576901435852,2.1392026756395426,0.06349515892141384,0.1262847999743395,0.8167661428451538
station07,3,1,MultiStep,0.44281259179115295,0.9954503094233466,0.026140814153453897,0.058764999053836246,0.9602760076522827
station07,3,1,Iterative,0.4838363528251648,1.0000917273413568,0.028562593779746886,0.05903899858648829,0.9599047303199768
station07,3,16,MultiStep,0.9408115744590759,1.7944394398289125,0.055539478725917336,0.10593219067338344,0.8709164261817932
station07,3,16,Iterative,1.1442289352416992,2.2348848841504236,0.06754793449790805,0.13193326362881172,0.7997725009918213
station07,3,96,MultiStep,1.1486496925354004,2.1387227091561347,0.0678089076431493,0.1262564658328195,0.8166325092315674
station07,3,96,Iterative,1.2029184103012085,2.177970948648195,0.071012584529852,0.12857343005974484,0.8098406791687012
station07,5,1,MultiStep,0.4813787639141083,1.0148150809263956,0.028417513499329257,0.05990817091111725,0.9588257074356079
station07,5,1,Iterative,0.45654457807540894,0.9935568723810168,0.026951462513660908,0.05865322267992014,0.9605326652526855
station07,5,16,MultiStep,0.9112668633460999,1.796538279952882,0.05379534855270391,0.10605609272728975,0.8708112835884094
station07,5,16,Iterative,1.0960428714752197,2.131723202613565,0.06470333847454089,0.12584325987823025,0.8181082010269165
station07,5,96,MultiStep,1.1867655515670776,2.1600828520461564,0.07005902339350775,0.12751743161367204,0.8129515051841736
station07,5,96,Iterative,1.0783274173736572,2.11323442953708,0.06365753173395163,0.124751801347291,0.8209770321846008
station07,7,1,MultiStep,0.43990829586982727,1.0032889401530707,0.025969363157404047,0.05922774151627262,0.9598355293273926
station07,7,1,Iterative,0.45582643151283264,0.994522830660798,0.026909067748527166,0.058710246658776784,0.9605343341827393
station07,7,16,MultiStep,0.9205825924873352,1.7791993902742247,0.05434528942769105,0.10503251593403815,0.873845636844635
station07,7,16,Iterative,1.1174689531326294,2.2034300464444008,0.06596819685713005,0.1300763718376948,0.8065131306648254
station07,7,96,MultiStep,1.2096418142318726,2.160097531836444,0.07140949115782111,0.12751829821429914,0.8129489421844482
station07,7,96,Iterative,1.0736136436462402,2.1162638884267206,0.06337926077857654,0.1249306411618936,0.8204633593559265
station08,1,1,MultiStep,0.456658273935318,1.0511652021646365,0.02711950480491879,0.062425409497573435,0.9570906758308411
station08,1,1,Iterative,0.4668421149253845,1.041791730366703,0.02772429122931139,0.061868748361726296,0.9578525424003601
station08,1,16,MultiStep,0.9351056218147278,1.7286450008962324,0.0555329944760906,0.10265881312914611,0.8839433789253235
station08,1,16,Iterative,1.0977762937545776,2.0545571869693937,0.06519349625847369,0.12201371722411625,0.8360563516616821
station08,1,96,MultiStep,1.235392689704895,2.0616135281638157,0.07336610305052507,0.12243277122981325,0.8343700766563416
station08,1,96,Iterative,1.156372308731079,2.0181470366143452,0.06867333008697322,0.1198514324175972,0.8412806391716003
station08,2,1,MultiStep,0.45022931694984436,1.0603546474184955,0.026737709182656916,0.06297114187327077,0.955994725227356
station08,2,1,Iterative,0.4464181363582611,1.0482204957426693,0.026511375102524833,0.06225053260489958,0.9569961428642273
station08,2,16,MultiStep,0.9630594849586487,1.7617002769567438,0.05719308686709146,0.10462186245753281,0.8788435459136963
station08,2,16,Iterative,1.1374900341033936,2.096932682432152,0.06755197092910577,0.12453026519533698,0.8283469676971436
station08,2,96,MultiStep,1.197596788406372,2.0621742222441304,0.07112152283513033,0.12246606909535754,0.8342799544334412
station08,2,96,Iterative,1.103078842163086,1.9987593617557005,0.06550839800284289,0.11870005912273889,0.8443155288696289
station08,3,1,MultiStep,0.43713343143463135,1.0421721312892425,0.025959985553357712,0.06189133918124152,0.9574093818664551
station08,3,1,Iterative,0.4400627017021179,1.042304981478832,0.026133945741157266,0.061899228737963795,0.957398533821106
station08,3,16,MultiStep,0.9139058589935303,1.6952842323302164,0.05427400695192272,0.10067762155754655,0.8872345685958862
station08,3,16,Iterative,1.0516740083694458,1.8901660456706704,0.06245562590468501,0.11225104215438067,0.8598184585571289
station08,3,96,MultiStep,1.27525794506073,2.0921769567085793,0.07573357572293528,0.12424783753778057,0.8294227719306946
station08,3,96,Iterative,1.0624237060546875,1.9412644639615482,0.06309401678615106,0.11528561719540903,0.8531433343887329
station08,5,1,MultiStep,0.4582017958164215,1.0491010996171997,0.0272111697357003,0.06230282891128368,0.956976056098938
station08,5,1,Iterative,0.4460127055644989,1.0497237205332046,0.026487297837341953,0.06233980441766776,0.9569249749183655
station08,5,16,MultiStep,0.9434900283813477,1.7251530068029048,0.05603091812523497,0.10245143453557187,0.8836595416069031
station08,5,16,Iterative,1.0472521781921387,1.9484070825229167,0.06219302725798448,0.11570979494374033,0.8515996932983398
station08,5,96,MultiStep,1.274532675743103,2.0805111143387838,0.07569050424943553,0.12355503969252374,0.830794095993042
station08,5,96,Iterative,1.1413989067077637,2.0012633386723775,0.06778410663194216,0.11884876247029466,0.8434388637542725
station08,7,1,MultiStep,0.44998326897621155,1.0629542445637403,0.02672309716403373,0.06312552380675417,0.9559454917907715
station08,7,1,Iterative,0.46668538451194763,1.0651659337471346,0.027714983500878816,0.0632568691011669,0.9557619690895081
station08,7,16,MultiStep,0.8803214430809021,1.679274184363632,0.05227953366478828,0.0997268349463348,0.889922559261322
station08,7,16,Iterative,1.019269347190857,1.9042207516836325,0.06053121455665153,0.11308570713037153,0.8584566116333008
station08,7,96,MultiStep,1.2795162200927734,2.11823283497593,0.07598646134175258,0.1257952145507456,0.8246027231216431
station08,7,96,Iterative,1.2017515897750854,2.039743711603764,0.07136826347712352,0.12113399131245425,0.8373602628707886
station09,1,1,MultiStep,0.28636738657951355,0.6510789682510599,0.023774872316480625,0.05405405805111422,0.954835057258606
station09,1,1,Iterative,0.2695189416408539,0.6350211465498417,0.022376076064112464,0.05272090113968194,0.9570354223251343
station09,1,16,MultiStep,0.7257735729217529,1.3024437621673741,0.06025537416461178,0.10813184599960732,0.8191934823989868
station09,1,16,Iterative,0.7959221005439758,1.3078603938549607,0.06607926461292016,0.10858154709265416,0.8176864385604858
station09,1,96,MultiStep,0.7645882964134216,1.3583556112947153,0.0634778608661751,0.112773774991098,0.8029447793960571
station09,1,96,Iterative,0.7592226266860962,1.4122392059199989,0.06303239075107822,0.11724731367673814,0.7870010137557983
station09,2,1,MultiStep,0.2864914536476135,0.6672689106785182,0.023785172646898795,0.05539818392599668,0.9526844620704651
station09,2,1,Iterative,0.27089038491249084,0.6345615234893496,0.022489936406457738,0.05268274218692049,0.9572092890739441
station09,2,16,MultiStep,0.715208888053894,1.2397840748723663,0.05937826997758363,0.10292969612275404,0.8366146683692932
station09,2,16,Iterative,0.7945479154586792,1.348761859661352,0.06596517663896344,0.1119772798914163,0.806628942489624
station09,2,96,MultiStep,0.7609231472015381,1.3967800014203593,0.06317357183531094,0.11596385532806464,0.7916387319564819
station09,2,96,Iterative,0.7045325040817261,1.331961576815462,0.05849189227664549,0.11058248216562538,0.8105282783508301
station09,3,1,MultiStep,0.28483501076698303,0.6450704457751202,0.023647650988245818,0.05355521683744652,0.9557937979698181
station09,3,1,Iterative,0.2591346204280853,0.6338062254664054,0.021513946078307176,0.052620035625705976,0.9573241472244263
station09,3,16,MultiStep,0.7336542010307312,1.2406587130100137,0.060909641849569,0.10300231057195536,0.8364788889884949
station09,3,16,Iterative,0.8507861495018005,1.3625612735094477,0.07063420284914018,0.1131229386418748,0.8027662634849548
station09,3,96,MultiStep,0.7440559267997742,1.4280091320087782,0.06177321680125567,0.11855656883906426,0.7822175025939941
station09,3,96,Iterative,0.7339233756065369,1.3963319922050932,0.06093198933559756,0.11592666058317143,0.7917723655700684
station09,5,1,MultiStep,0.2898232042789459,0.6523133687694028,0.0240617821686618,0.05415654079211884,0.9549252986907959
station09,5,1,Iterative,0.25598305463790894,0.6312539251602057,0.021252295912227152,0.05240813784426513,0.9577887058258057
station09,5,16,MultiStep,0.7407021522521973,1.2113327857859384,0.06149477880383111,0.10056760533668863,0.8442164063453674
station09,5,16,Iterative,0.8302326202392578,1.3459383865470438,0.06892780206200194,0.11174286872615236,0.8076708316802979
station09,5,96,MultiStep,0.7160248756408691,1.3825582927948352,0.05944601512455685,0.1147831367038782,0.7958601117134094
station09,5,96,Iterative,0.7593465447425842,1.3925353226898645,0.06304267871021316,0.1156114524373326,0.7929031848907471
station09,7,1,MultiStep,0.27391356229782104,0.6526144459719873,0.02274092747490589,0.05418153690684527,0.9550509452819824
station09,7,1,Iterative,0.2825450003147125,0.6443901138679178,0.023457529107551067,0.05349873413381269,0.9561766982078552
station09,7,16,MultiStep,0.7196406722068787,1.2697713771552006,0.05974620678641488,0.10541931022094372,0.8296440243721008
station09,7,16,Iterative,0.800327718257904,1.3968897944612069,0.06644502902441604,0.11597297059624712,0.7938275337219238
station09,7,96,MultiStep,0.7444378137588501,1.3800615004643024,0.0618049219259202,0.11457584732093479,0.7987651228904724
station09,7,96,Iterative,0.8008583784103394,1.4272640512950434,0.06648908563825845,0.11849471054211885,0.7847639322280884
